order_id,customer_id,order_date,amount,region,status
1000,75,2025-01-09,345.78,AMER,paid
1001,60,2025-01-21,336.43,APAC,pending
1002,48,2025-01-24,73.8,AMER,paid
1003,76,2025-01-24,24.69,APAC,pending
1004,4,2025-01-20,496.56,APAC,paid
1005,68,2025-01-28,414.92,AMER,refunded
1006,66,2025-01-05,184.31,APAC,refunded
1007,141,2025-01-25,286.43,EMEA,pending
1008,111,2025-01-12,322.94,AMER,paid
1009,153,2025-01-12,401.15,EMEA,pending
1010,142,2025-01-15,309.48,APAC,refunded
1011,187,2025-01-22,227.27,APAC,refunded
1012,46,2025-01-07,266.12,EMEA,refunded
1013,68,2025-01-15,306.69,EMEA,paid
1014,126,2025-01-19,279.51,AMER,paid
1015,180,2025-01-07,189.56,APAC,refunded
1016,162,2025-01-21,477.3,EMEA,paid
1017,109,2025-01-24,467.16,APAC,paid
1018,128,2025-01-05,404.99,EMEA,pending
1019,41,2025-01-09,369.24,AMER,refunded
1020,90,2025-01-25,109.5,AMER,refunded
1021,184,2025-01-17,331.86,AMER,pending
1022,186,2025-01-08,253.21,AMER,paid
1023,180,2025-01-19,299.7,EMEA,pending
1024,146,2025-01-24,177.25,EMEA,paid
1025,176,2025-01-06,282.09,APAC,paid
1026,110,2025-01-03,325.33,AMER,pending
1027,10,2025-01-23,485.84,EMEA,pending
1028,135,2025-01-03,11.46,EMEA,paid
1029,78,2025-01-14,454.3,AMER,pending
1030,20,2025-01-23,469.82,AMER,refunded
1031,10,2025-01-28,12.8,EMEA,paid
1032,144,2025-01-16,485.2,AMER,refunded
1033,172,2025-01-08,111.54,APAC,refunded
1034,183,2025-01-17,456.1,AMER,paid
1035,109,2025-01-09,345.18,APAC,refunded
1036,151,2025-01-14,125.53,APAC,pending
1037,110,2025-01-10,109.89,EMEA,refunded
1038,82,2025-01-02,204.84,APAC,paid
1039,12,2025-01-25,303.91,APAC,pending
1040,79,2025-01-25,103.31,EMEA,pending
1041,86,2025-01-13,40.04,AMER,refunded
1042,38,2025-01-05,433.15,APAC,refunded
1043,41,2025-01-27,116.95,EMEA,pending
1044,75,2025-01-13,26.35,APAC,paid
1045,126,2025-01-12,226.52,AMER,refunded
1046,90,2025-01-02,272.18,APAC,paid
1047,43,2025-01-11,447.52,AMER,pending
1048,2,2025-01-05,448.32,AMER,paid
1049,123,2025-01-03,466.62,APAC,refunded
1050,55,2025-02-06,33.01,APAC,pending
1051,62,2025-02-24,264.75,EMEA,paid
1052,101,2025-02-16,314.1,AMER,paid
1053,158,2025-02-01,77.21,AMER,refunded
1054,102,2025-02-15,156.76,AMER,refunded
1055,23,2025-02-06,192.61,APAC,paid
1056,4,2025-02-21,62.51,AMER,refunded
1057,24,2025-02-25,499.82,AMER,refunded
1058,160,2025-02-03,489.8,AMER,pending
1059,75,2025-02-20,459.99,APAC,paid
1060,79,2025-02-01,208.82,EMEA,refunded
1061,69,2025-02-10,83.92,APAC,refunded
1062,1,2025-02-07,267.9,AMER,refunded
1063,85,2025-02-06,120.92,APAC,refunded
1064,41,2025-02-11,496.69,EMEA,refunded
1065,40,2025-02-06,235.93,AMER,refunded
1066,197,2025-02-04,194.03,EMEA,paid
1067,147,2025-01-29,453.8,EMEA,pending
1068,33,2025-02-03,60.41,AMER,paid
1069,21,2025-02-07,443.74,EMEA,pending
1070,186,2025-02-14,418.92,APAC,pending
1071,167,2025-02-21,348.74,APAC,pending
1072,199,2025-01-29,432.51,APAC,refunded
1073,159,2025-02-24,85.33,APAC,pending
1074,110,2025-02-14,463.67,EMEA,paid
1075,6,2025-02-13,307.94,APAC,refunded
1076,130,2025-02-14,14.7,EMEA,refunded
1077,57,2025-02-18,307.98,AMER,pending
1078,61,2025-02-11,457.89,AMER,paid
1079,95,2025-02-01,457.94,EMEA,refunded
1080,35,2025-02-24,343.86,AMER,paid
1081,73,2025-02-19,299.45,EMEA,pending
1082,33,2025-02-02,365.84,AMER,paid
1083,140,2025-01-30,324.43,AMER,pending
1084,7,2025-02-14,389.76,EMEA,refunded
1085,147,2025-02-16,254.64,AMER,pending
1086,18,2025-02-11,467.17,EMEA,pending
1087,87,2025-02-06,195.99,APAC,paid
1088,84,2025-02-19,193.9,APAC,refunded
1089,77,2025-02-11,408.89,APAC,pending
1090,100,2025-02-12,211.15,AMER,pending
1091,21,2025-01-30,132.71,APAC,paid
1092,84,2025-02-15,495.24,AMER,paid
1093,144,2025-02-11,154.35,APAC,pending
1094,192,2025-01-31,65.31,APAC,paid
1095,99,2025-02-15,317.69,EMEA,paid
1096,41,2025-01-29,352.13,APAC,paid
1097,112,2025-02-05,287.07,APAC,pending
1098,182,2025-02-22,210.61,APAC,refunded
1099,132,2025-02-25,85.96,APAC,refunded
1100,14,2025-03-17,264.22,AMER,pending
1101,24,2025-03-03,355.99,EMEA,refunded
1102,77,2025-03-11,129.9,EMEA,pending
1103,142,2025-03-20,214.67,EMEA,refunded
1104,184,2025-03-21,113.77,AMER,paid
1105,13,2025-03-03,430.23,EMEA,paid
1106,57,2025-03-23,316.03,APAC,paid
1107,114,2025-03-13,303.4,APAC,pending
1108,140,2025-03-16,215.85,AMER,refunded
1109,123,2025-03-05,172.53,EMEA,paid
1110,183,2025-02-26,444.57,APAC,pending
1111,197,2025-03-01,400.95,EMEA,refunded
1112,108,2025-02-26,460.96,AMER,paid
1113,134,2025-03-18,78.74,EMEA,paid
1114,112,2025-03-11,19.44,EMEA,refunded
1115,90,2025-03-22,375.9,APAC,paid
1116,41,2025-03-21,286.08,AMER,refunded
1117,154,2025-02-27,221.8,APAC,refunded
1118,142,2025-03-11,112.09,APAC,pending
1119,6,2025-03-10,205.07,EMEA,refunded
1120,103,2025-03-11,150.89,AMER,paid
1121,44,2025-03-10,418.67,AMER,pending
1122,119,2025-02-27,225.83,AMER,pending
1123,116,2025-03-21,374.39,AMER,paid
1124,186,2025-03-15,102.33,APAC,refunded
1125,128,2025-02-27,143.74,EMEA,paid
1126,90,2025-03-22,103.43,EMEA,refunded
1127,158,2025-03-25,88.32,APAC,refunded
1128,146,2025-03-22,202.7,EMEA,refunded
1129,170,2025-03-05,370.23,AMER,refunded
1130,10,2025-03-04,28.16,APAC,refunded
1131,186,2025-03-14,345.75,EMEA,refunded
1132,130,2025-03-25,74.75,EMEA,paid
1133,126,2025-03-13,297.55,EMEA,paid
1134,132,2025-03-15,347.85,APAC,paid
1135,126,2025-03-20,323.21,APAC,pending
1136,8,2025-03-01,215.83,AMER,paid
1137,123,2025-03-12,27.53,APAC,paid
1138,188,2025-03-06,402.83,AMER,paid
1139,40,2025-03-02,398.91,AMER,paid
1140,145,2025-03-03,42.68,APAC,pending
1141,50,2025-03-13,336.4,EMEA,paid
1142,184,2025-03-17,131.81,EMEA,paid
1143,185,2025-02-28,301.63,EMEA,pending
1144,46,2025-03-20,104.08,APAC,pending
1145,98,2025-02-26,316.19,AMER,refunded
1146,85,2025-03-19,79.92,AMER,pending
1147,197,2025-03-18,95.93,APAC,paid
1148,134,2025-03-16,469.52,AMER,pending
1149,147,2025-03-23,351.86,AMER,pending
1150,132,2025-04-08,408.04,EMEA,pending
1151,63,2025-04-08,391.26,EMEA,refunded
1152,193,2025-04-19,13.18,EMEA,refunded
1153,183,2025-04-02,338.79,APAC,refunded
1154,185,2025-03-26,387.52,APAC,pending
1155,156,2025-04-03,273.6,AMER,pending
1156,170,2025-03-26,392.91,AMER,paid
1157,85,2025-04-08,128.14,EMEA,paid
1158,103,2025-04-17,142.85,APAC,paid
1159,114,2025-04-05,23.87,APAC,paid
1160,22,2025-04-06,313.36,AMER,paid
1161,146,2025-04-18,248.13,AMER,refunded
1162,183,2025-04-13,10.35,AMER,pending
1163,159,2025-03-26,176.51,AMER,refunded
1164,105,2025-03-28,384.36,APAC,pending
1165,88,2025-04-01,86.18,AMER,paid
1166,100,2025-03-28,295.76,AMER,refunded
1167,191,2025-04-04,407.91,EMEA,paid
1168,50,2025-04-10,60.68,AMER,refunded
1169,12,2025-04-04,48.08,EMEA,paid
1170,3,2025-04-10,344.74,EMEA,pending
1171,122,2025-03-28,309.96,APAC,pending
1172,155,2025-03-29,312.35,AMER,refunded
1173,78,2025-03-26,473.6,APAC,pending
1174,135,2025-03-31,171.08,EMEA,pending
1175,191,2025-04-20,405.56,APAC,refunded
1176,175,2025-03-30,480.83,APAC,refunded
1177,43,2025-03-30,377.96,AMER,refunded
1178,77,2025-04-02,434.72,AMER,refunded
1179,6,2025-04-01,57.27,APAC,paid
1180,57,2025-04-02,147.87,AMER,refunded
1181,133,2025-04-21,319.15,APAC,paid
1182,49,2025-04-18,380.33,EMEA,paid
1183,188,2025-04-12,368.56,APAC,paid
1184,101,2025-04-08,226.79,EMEA,refunded
1185,66,2025-04-12,41.59,EMEA,refunded
1186,59,2025-04-15,433.56,APAC,refunded
1187,27,2025-04-02,42.67,APAC,refunded
1188,44,2025-04-01,342.09,AMER,refunded
1189,64,2025-04-07,102.96,AMER,refunded
1190,21,2025-03-29,343.84,EMEA,refunded
1191,108,2025-04-17,199.86,APAC,refunded
1192,106,2025-04-13,258.85,EMEA,refunded
1193,177,2025-04-20,193.86,AMER,paid
1194,38,2025-04-12,455.72,APAC,refunded
1195,183,2025-04-15,312.38,AMER,refunded
1196,107,2025-04-06,294.05,EMEA,pending
1197,100,2025-04-11,472.95,APAC,pending
1198,185,2025-04-01,464.29,AMER,pending
1199,156,2025-03-29,362.05,APAC,pending
1200,162,2025-05-20,204.04,EMEA,pending
1201,53,2025-05-09,207.53,APAC,refunded
1202,179,2025-05-07,225.05,EMEA,paid
1203,73,2025-05-19,253.93,EMEA,paid
1204,175,2025-05-04,150.78,EMEA,refunded
1205,47,2025-05-19,31.48,APAC,paid
1206,194,2025-04-30,329.14,EMEA,refunded
1207,151,2025-05-20,189.11,EMEA,paid
1208,147,2025-04-28,196.14,EMEA,refunded
1209,26,2025-05-06,19.63,EMEA,paid
1210,18,2025-04-30,425.03,APAC,paid
1211,107,2025-04-26,126.66,APAC,refunded
1212,190,2025-05-17,480.95,AMER,refunded
1213,139,2025-04-26,397.78,AMER,paid
1214,109,2025-04-26,295.58,EMEA,paid
1215,76,2025-05-07,41.07,AMER,pending
1216,66,2025-05-02,110.22,APAC,refunded
1217,19,2025-05-12,239.5,EMEA,pending
1218,114,2025-05-13,93.01,EMEA,paid
1219,67,2025-05-12,437.69,AMER,refunded
1220,82,2025-05-16,429.64,EMEA,paid
1221,162,2025-05-03,280.74,APAC,refunded
1222,109,2025-04-29,410.98,AMER,refunded
1223,110,2025-05-04,311.14,APAC,refunded
1224,167,2025-05-11,445.54,EMEA,refunded
1225,146,2025-05-09,480.75,AMER,refunded
1226,79,2025-05-01,47.36,EMEA,paid
1227,14,2025-05-10,159.47,APAC,pending
1228,175,2025-05-18,112.64,AMER,refunded
1229,33,2025-04-23,236.28,APAC,paid
1230,28,2025-04-23,481.43,APAC,paid
1231,33,2025-05-09,154.56,EMEA,paid
1232,149,2025-05-16,344.48,AMER,refunded
1233,76,2025-04-26,200.6,APAC,paid
1234,71,2025-05-08,393.31,EMEA,pending
1235,37,2025-04-28,100.17,APAC,pending
1236,140,2025-05-03,267.97,APAC,refunded
1237,72,2025-04-28,166.92,AMER,pending
1238,92,2025-05-05,121.23,EMEA,pending
1239,84,2025-04-30,168.87,EMEA,paid
1240,11,2025-05-20,75.0,AMER,paid
1241,159,2025-05-14,239.25,EMEA,pending
1242,12,2025-05-01,51.33,AMER,pending
1243,19,2025-05-15,342.83,EMEA,paid
1244,166,2025-05-08,451.93,AMER,refunded
1245,122,2025-05-01,466.25,APAC,pending
1246,84,2025-04-27,448.44,EMEA,paid
1247,99,2025-05-02,134.35,EMEA,refunded
1248,104,2025-05-10,92.89,APAC,paid
1249,120,2025-05-17,127.85,AMER,refunded
1250,163,2025-05-25,309.89,APAC,refunded
1251,165,2025-05-25,176.09,APAC,pending
1252,151,2025-06-07,358.18,EMEA,refunded
1253,145,2025-06-06,188.43,APAC,paid
1254,133,2025-06-08,374.62,AMER,refunded
1255,40,2025-06-02,133.11,APAC,paid
1256,106,2025-06-08,358.3,EMEA,paid
1257,15,2025-05-24,66.03,AMER,refunded
1258,45,2025-06-12,339.75,EMEA,paid
1259,148,2025-06-03,137.6,APAC,pending
1260,135,2025-06-13,261.18,AMER,paid
1261,106,2025-05-22,117.64,EMEA,pending
1262,62,2025-06-13,379.7,EMEA,pending
1263,76,2025-06-06,110.15,EMEA,paid
1264,106,2025-06-16,484.48,AMER,refunded
1265,29,2025-06-06,335.78,AMER,refunded
1266,116,2025-06-10,231.18,EMEA,paid
1267,179,2025-05-31,389.89,AMER,refunded
1268,50,2025-06-14,164.08,APAC,refunded
1269,88,2025-06-07,239.09,AMER,paid
1270,119,2025-06-17,202.25,EMEA,pending
1271,101,2025-06-17,287.41,AMER,refunded
1272,31,2025-05-22,487.2,APAC,pending
1273,179,2025-06-07,254.97,APAC,paid
1274,12,2025-06-17,54.47,AMER,refunded
1275,118,2025-05-23,498.62,AMER,refunded
1276,8,2025-05-24,429.15,APAC,refunded
1277,161,2025-06-05,497.88,AMER,refunded
1278,86,2025-06-12,476.74,AMER,refunded
1279,151,2025-05-26,71.9,AMER,pending
1280,103,2025-06-16,115.23,APAC,pending
1281,178,2025-06-13,447.84,EMEA,pending
1282,144,2025-06-08,263.16,APAC,refunded
1283,115,2025-05-29,312.81,EMEA,paid
1284,16,2025-06-01,128.56,EMEA,paid
1285,173,2025-05-21,293.39,EMEA,paid
1286,135,2025-05-21,404.73,AMER,pending
1287,4,2025-06-15,149.55,APAC,paid
1288,12,2025-05-26,411.09,EMEA,paid
1289,174,2025-05-31,42.41,AMER,pending
1290,185,2025-05-23,327.57,EMEA,refunded
1291,56,2025-06-08,425.43,EMEA,refunded
1292,140,2025-05-26,33.69,EMEA,pending
1293,128,2025-05-28,496.6,APAC,pending
1294,34,2025-05-22,443.67,APAC,pending
1295,20,2025-05-23,133.97,EMEA,pending
1296,122,2025-06-05,477.5,APAC,refunded
1297,129,2025-06-10,402.42,AMER,pending
1298,138,2025-06-01,436.47,EMEA,pending
1299,117,2025-05-24,323.18,EMEA,pending
1300,120,2025-06-19,481.6,EMEA,refunded
1301,148,2025-07-11,333.82,APAC,refunded
1302,124,2025-06-19,366.8,EMEA,pending
1303,60,2025-06-27,394.39,AMER,pending
1304,73,2025-06-19,234.55,EMEA,pending
1305,90,2025-07-14,496.99,APAC,paid
1306,132,2025-06-29,467.15,APAC,pending
1307,180,2025-06-24,257.75,APAC,refunded
1308,140,2025-07-07,394.96,AMER,paid
1309,126,2025-07-05,423.27,AMER,refunded
1310,107,2025-06-22,196.43,AMER,refunded
1311,36,2025-06-27,65.45,APAC,refunded
1312,41,2025-06-18,282.5,EMEA,pending
1313,32,2025-07-05,241.36,AMER,paid
1314,38,2025-06-30,189.32,AMER,paid
1315,29,2025-07-13,244.18,EMEA,refunded
1316,71,2025-07-03,131.28,APAC,paid
1317,131,2025-06-26,407.99,APAC,pending
1318,40,2025-06-25,200.18,AMER,refunded
1319,124,2025-07-14,476.97,EMEA,pending
1320,185,2025-07-11,268.83,EMEA,refunded
1321,199,2025-07-05,78.92,EMEA,refunded
1322,138,2025-07-06,447.12,APAC,paid
1323,37,2025-07-04,310.53,EMEA,pending
1324,168,2025-06-26,161.93,AMER,pending
1325,132,2025-07-03,194.21,APAC,pending
1326,93,2025-07-12,498.61,EMEA,pending
1327,106,2025-06-29,73.03,AMER,refunded
1328,81,2025-06-30,260.01,EMEA,pending
1329,25,2025-07-09,235.44,AMER,pending
1330,113,2025-07-07,344.75,EMEA,paid
1331,2,2025-07-15,303.37,AMER,paid
1332,156,2025-06-23,42.08,AMER,paid
1333,40,2025-07-11,77.2,AMER,paid
1334,54,2025-06-19,33.87,AMER,refunded
1335,86,2025-07-09,186.31,APAC,paid
1336,101,2025-06-30,414.89,APAC,pending
1337,99,2025-07-15,181.53,AMER,paid
1338,164,2025-07-10,88.42,EMEA,pending
1339,110,2025-07-02,303.99,AMER,pending
1340,58,2025-06-22,109.7,EMEA,paid
1341,198,2025-06-21,425.52,EMEA,pending
1342,57,2025-06-19,255.49,AMER,paid
1343,55,2025-06-20,310.5,APAC,pending
1344,150,2025-06-23,194.7,AMER,paid
1345,192,2025-07-04,198.76,EMEA,refunded
1346,115,2025-06-28,488.63,APAC,pending
1347,113,2025-07-07,60.09,AMER,pending
1348,19,2025-06-21,341.56,EMEA,pending
1349,149,2025-07-12,396.64,APAC,paid
1350,167,2025-08-08,174.04,EMEA,pending
1351,28,2025-08-10,469.75,EMEA,refunded
1352,132,2025-07-26,389.89,EMEA,refunded
1353,96,2025-08-03,266.31,EMEA,paid
1354,149,2025-08-10,168.71,EMEA,pending
1355,46,2025-08-01,250.96,APAC,pending
1356,156,2025-07-26,117.04,APAC,refunded
1357,6,2025-07-31,238.95,EMEA,pending
1358,104,2025-07-26,458.83,APAC,pending
1359,55,2025-08-07,140.32,APAC,pending
1360,113,2025-08-03,255.64,AMER,pending
1361,16,2025-08-11,475.08,EMEA,pending
1362,69,2025-07-20,303.88,EMEA,pending
1363,124,2025-08-08,243.67,APAC,refunded
1364,19,2025-07-17,208.22,AMER,pending
1365,169,2025-07-23,227.27,AMER,refunded
1366,188,2025-07-30,489.25,APAC,paid
1367,148,2025-07-23,57.68,EMEA,pending
1368,96,2025-07-23,384.44,AMER,paid
1369,94,2025-08-06,153.61,AMER,paid
1370,109,2025-07-27,352.11,EMEA,pending
1371,49,2025-07-22,258.42,APAC,paid
1372,144,2025-07-23,49.58,AMER,refunded
1373,4,2025-08-08,281.21,EMEA,pending
1374,8,2025-07-27,447.48,EMEA,pending
1375,41,2025-08-02,478.03,EMEA,refunded
1376,169,2025-08-11,303.74,APAC,pending
1377,35,2025-08-02,477.88,EMEA,refunded
1378,8,2025-07-23,299.81,EMEA,refunded
1379,6,2025-07-24,392.48,EMEA,refunded
1380,54,2025-07-22,191.82,APAC,pending
1381,41,2025-07-20,472.21,AMER,refunded
1382,94,2025-07-27,75.3,AMER,paid
1383,84,2025-07-24,144.52,AMER,pending
1384,63,2025-08-07,322.7,APAC,pending
1385,191,2025-08-01,71.9,APAC,pending
1386,141,2025-07-21,84.74,AMER,paid
1387,28,2025-07-25,60.97,APAC,pending
1388,30,2025-07-16,92.7,EMEA,refunded
1389,188,2025-07-28,336.31,APAC,refunded
1390,8,2025-07-27,340.76,EMEA,refunded
1391,93,2025-08-06,450.5,AMER,pending
1392,111,2025-07-24,101.43,APAC,pending
1393,112,2025-07-27,174.21,EMEA,refunded
1394,35,2025-08-06,213.78,APAC,paid
1395,14,2025-07-25,229.69,APAC,paid
1396,88,2025-08-08,11.59,EMEA,refunded
1397,123,2025-07-28,317.18,AMER,refunded
1398,142,2025-08-06,105.14,APAC,paid
1399,150,2025-07-30,34.71,EMEA,refunded
1400,26,2025-08-27,468.48,APAC,pending
1401,179,2025-08-17,478.84,APAC,paid
1402,46,2025-08-23,368.19,EMEA,refunded
1403,102,2025-08-20,422.8,APAC,paid
1404,146,2025-08-27,152.99,EMEA,paid
1405,36,2025-08-27,278.51,AMER,paid
1406,170,2025-09-06,355.0,EMEA,pending
1407,141,2025-08-27,174.32,AMER,pending
1408,21,2025-08-29,184.34,EMEA,refunded
1409,77,2025-09-08,156.5,AMER,refunded
1410,150,2025-08-30,126.16,AMER,refunded
1411,116,2025-08-31,49.01,EMEA,pending
1412,105,2025-08-30,198.26,APAC,pending
1413,127,2025-08-24,412.67,APAC,paid
1414,126,2025-08-31,326.67,APAC,paid
1415,200,2025-09-08,249.3,APAC,paid
1416,180,2025-09-02,420.56,EMEA,refunded
1417,53,2025-09-06,246.28,EMEA,pending
1418,179,2025-09-01,151.47,APAC,paid
1419,191,2025-08-26,161.39,EMEA,paid
1420,103,2025-09-04,109.71,AMER,pending
1421,77,2025-09-03,86.11,AMER,refunded
1422,107,2025-08-14,333.38,EMEA,paid
1423,110,2025-08-25,472.05,EMEA,paid
1424,76,2025-08-24,439.25,APAC,pending
1425,49,2025-08-18,406.89,AMER,paid
1426,189,2025-08-17,217.32,APAC,pending
1427,53,2025-09-09,439.83,APAC,paid
1428,57,2025-09-07,131.1,APAC,pending
1429,76,2025-08-25,448.8,EMEA,pending
1430,91,2025-08-30,418.65,AMER,pending
1431,14,2025-08-18,33.51,AMER,paid
1432,85,2025-08-22,215.93,AMER,refunded
1433,67,2025-08-27,43.92,AMER,pending
1434,26,2025-09-09,100.76,EMEA,pending
1435,190,2025-09-01,418.82,APAC,paid
1436,31,2025-08-24,220.02,EMEA,paid
1437,64,2025-09-04,152.57,AMER,paid
1438,200,2025-08-24,93.8,APAC,paid
1439,26,2025-08-24,192.14,APAC,pending
1440,17,2025-08-24,213.11,APAC,paid
1441,114,2025-08-27,185.13,EMEA,refunded
1442,196,2025-08-18,242.22,EMEA,refunded
1443,177,2025-09-07,168.91,APAC,pending
1444,182,2025-08-18,380.45,APAC,refunded
1445,153,2025-08-15,276.24,EMEA,pending
1446,170,2025-09-05,187.77,APAC,paid
1447,98,2025-09-03,106.44,AMER,pending
1448,152,2025-08-28,218.76,EMEA,refunded
1449,36,2025-08-26,346.22,AMER,refunded
1450,85,2025-09-26,426.18,EMEA,pending
1451,36,2025-09-28,165.83,AMER,refunded
1452,135,2025-09-15,34.6,AMER,pending
1453,141,2025-10-05,106.6,EMEA,paid
1454,32,2025-09-26,178.3,EMEA,paid
1455,163,2025-09-19,159.35,AMER,paid
1456,186,2025-09-22,262.97,APAC,pending
1457,194,2025-09-15,348.49,EMEA,pending
1458,23,2025-09-22,167.94,EMEA,pending
1459,86,2025-09-15,84.58,EMEA,paid
1460,24,2025-10-07,484.68,AMER,paid
1461,88,2025-09-20,336.75,APAC,refunded
1462,153,2025-09-29,164.12,AMER,paid
1463,112,2025-09-16,107.24,APAC,pending
1464,151,2025-09-20,344.01,APAC,refunded
1465,123,2025-09-19,247.96,EMEA,paid
1466,63,2025-09-27,316.44,EMEA,pending
1467,128,2025-09-14,471.52,APAC,paid
1468,117,2025-09-14,273.36,APAC,pending
1469,123,2025-09-29,269.01,APAC,pending
1470,190,2025-09-21,221.83,EMEA,pending
1471,137,2025-10-03,96.21,AMER,pending
1472,113,2025-09-23,434.0,EMEA,refunded
1473,78,2025-10-01,454.7,AMER,pending
1474,147,2025-09-28,445.19,EMEA,pending
1475,195,2025-10-02,14.5,EMEA,pending
1476,118,2025-09-16,336.38,APAC,pending
1477,121,2025-10-01,287.37,APAC,paid
1478,57,2025-09-19,58.91,APAC,paid
1479,54,2025-09-12,252.65,EMEA,refunded
1480,34,2025-09-13,285.5,AMER,pending
1481,107,2025-09-14,180.39,AMER,refunded
1482,119,2025-09-29,202.54,EMEA,paid
1483,123,2025-09-30,400.13,APAC,pending
1484,164,2025-09-10,361.69,AMER,refunded
1485,118,2025-09-11,281.68,APAC,paid
1486,103,2025-09-25,324.82,EMEA,refunded
1487,35,2025-09-19,348.68,EMEA,pending
1488,41,2025-09-25,358.98,AMER,paid
1489,9,2025-10-05,218.72,AMER,refunded
1490,86,2025-09-19,82.49,AMER,paid
1491,83,2025-09-20,311.98,EMEA,paid
1492,180,2025-09-28,355.21,EMEA,refunded
1493,160,2025-09-15,19.55,EMEA,pending
1494,4,2025-10-02,28.27,EMEA,refunded
1495,64,2025-09-15,488.9,APAC,refunded
1496,199,2025-10-04,473.46,APAC,paid
1497,32,2025-09-27,276.93,AMER,pending
1498,114,2025-09-27,451.08,APAC,pending
1499,100,2025-10-02,449.11,AMER,paid
1500,155,2025-10-10,412.98,APAC,pending
1501,165,2025-10-14,472.9,AMER,refunded
1502,82,2025-10-27,133.89,AMER,refunded
1503,160,2025-10-29,63.96,EMEA,pending
1504,96,2025-11-01,327.34,APAC,pending
1505,33,2025-10-12,487.86,APAC,pending
1506,86,2025-10-17,143.14,EMEA,pending
1507,49,2025-10-12,222.4,EMEA,refunded
1508,141,2025-10-12,400.27,APAC,paid
1509,155,2025-10-31,407.59,APAC,refunded
1510,90,2025-10-19,200.65,AMER,pending
1511,55,2025-10-25,234.32,APAC,refunded
1512,61,2025-10-21,489.49,APAC,paid
1513,31,2025-10-31,297.59,AMER,refunded
1514,167,2025-10-23,158.29,APAC,paid
1515,112,2025-10-10,149.46,EMEA,refunded
1516,179,2025-11-04,259.93,AMER,pending
1517,61,2025-10-31,415.61,APAC,refunded
1518,15,2025-10-18,474.09,APAC,paid
1519,185,2025-10-30,290.61,EMEA,refunded
1520,141,2025-10-22,261.51,EMEA,refunded
1521,187,2025-10-31,315.85,APAC,pending
1522,189,2025-10-16,282.19,EMEA,pending
1523,142,2025-10-09,363.69,APAC,refunded
1524,110,2025-10-16,220.01,APAC,paid
1525,75,2025-11-01,365.11,APAC,paid
1526,178,2025-11-04,453.28,EMEA,pending
1527,81,2025-10-13,112.49,AMER,refunded
1528,144,2025-10-15,37.28,AMER,paid
1529,151,2025-10-10,467.48,APAC,refunded
1530,200,2025-10-14,75.8,EMEA,paid
1531,125,2025-10-17,75.27,APAC,pending
1532,182,2025-10-15,232.56,APAC,pending
1533,182,2025-10-30,10.43,AMER,pending
1534,120,2025-10-19,300.02,AMER,pending
1535,184,2025-10-21,230.75,EMEA,refunded
1536,63,2025-10-20,224.46,AMER,pending
1537,154,2025-10-22,450.19,EMEA,paid
1538,14,2025-10-24,75.78,EMEA,refunded
1539,146,2025-10-23,57.69,EMEA,refunded
1540,100,2025-11-02,112.35,APAC,paid
1541,140,2025-10-28,173.41,EMEA,pending
1542,174,2025-11-01,323.3,APAC,refunded
1543,54,2025-10-23,411.13,AMER,pending
1544,195,2025-10-16,233.28,EMEA,refunded
1545,168,2025-10-30,353.29,AMER,pending
1546,85,2025-10-13,245.17,APAC,pending
1547,71,2025-11-01,387.81,EMEA,refunded
1548,7,2025-10-30,64.49,EMEA,refunded
1549,139,2025-11-01,433.01,EMEA,pending
1550,170,2025-11-23,357.34,APAC,paid
1551,153,2025-11-05,20.54,AMER,paid
1552,140,2025-11-17,119.83,APAC,pending
1553,197,2025-11-10,290.3,EMEA,refunded
1554,100,2025-11-20,156.26,APAC,refunded
1555,93,2025-11-23,39.91,APAC,paid
1556,130,2025-11-30,323.5,APAC,paid
1557,45,2025-11-27,345.8,APAC,pending
1558,39,2025-11-06,49.75,APAC,pending
1559,40,2025-11-28,279.89,AMER,paid
1560,132,2025-11-25,123.31,EMEA,paid
1561,63,2025-11-05,115.0,EMEA,paid
1562,150,2025-11-25,35.0,EMEA,paid
1563,43,2025-11-12,470.57,APAC,paid
1564,145,2025-11-08,303.75,EMEA,paid
1565,36,2025-11-23,229.45,EMEA,refunded
1566,36,2025-11-30,166.71,EMEA,pending
1567,43,2025-11-26,23.68,APAC,paid
1568,188,2025-11-17,180.77,APAC,pending
1569,26,2025-11-17,354.92,APAC,paid
1570,183,2025-11-08,316.85,APAC,paid
1571,177,2025-11-18,54.69,AMER,pending
1572,29,2025-12-02,268.68,EMEA,paid
1573,159,2025-12-02,82.08,APAC,refunded
1574,124,2025-11-13,451.78,EMEA,refunded
1575,46,2025-11-15,70.12,APAC,paid
1576,49,2025-11-09,349.9,AMER,refunded
1577,122,2025-11-30,336.49,EMEA,paid
1578,170,2025-11-07,161.72,EMEA,paid
1579,69,2025-11-27,308.58,APAC,paid
1580,54,2025-12-02,70.87,APAC,refunded
1581,164,2025-11-14,315.5,AMER,pending
1582,68,2025-11-11,265.32,EMEA,paid
1583,45,2025-11-22,425.88,EMEA,refunded
1584,107,2025-11-19,499.93,AMER,paid
1585,19,2025-11-17,112.33,APAC,pending
1586,8,2025-11-08,181.07,APAC,paid
1587,52,2025-11-27,203.11,EMEA,paid
1588,97,2025-11-26,499.79,APAC,pending
1589,131,2025-11-16,217.42,EMEA,refunded
1590,152,2025-12-02,433.71,EMEA,pending
1591,14,2025-11-27,53.52,AMER,pending
1592,154,2025-11-20,115.49,EMEA,pending
1593,125,2025-12-01,485.16,EMEA,paid
1594,159,2025-11-14,120.49,EMEA,paid
1595,124,2025-11-05,475.26,EMEA,paid
1596,200,2025-11-25,376.68,EMEA,refunded
1597,67,2025-11-25,279.74,AMER,pending
1598,13,2025-11-12,10.5,EMEA,paid
1599,108,2025-11-16,287.85,AMER,paid
